airtable_id,source,title,artist,status,purchase_price,currency,location,sale_price,ownership
rec049IjCVhKD1MJD,Stock,L'Essentiel,Elladj Lincy Deloumeaux,sold,500,EUR,,,100.0%
rec05NaFqNZO9cNpA,Stock,Stansstad,Arnold Odermatt,available,9630,EUR,LG NY,,100.0%
rec0BuYswdKOzjNGZ,Stock,"Statue Songyé, Congo",Art Afrique,in_transit,53340,EUR,14 T,,100.0%
rec0Yk85rm9mTrnjq,Stock,Study,John Kacere,participating,20000,USD,Gratin,,50.0%
rec0rCbuuAmLlHsNe,Stock,Untitled,Richard Prince,sold,115000,USD,,677500,100.0%
rec0tHMZhl85qtvcF,Stock,Best Part,Yoora Lee,consigned,4000,CHF,Sotheby's NY,,100.0%
rec15b0iTHLpwqyCv,Stock,Garden Tender,Rebecca Ackroyd,sold,24000,USD,,47250,100.0%
rec1OhGuQcIfgXRqT,Stock,Nuit des Langoustes,Loïc Raguénès,available,20000,EUR,14T,,100.0%
rec1PSX26C7rmss45,Stock,Untitled,Julian Schnabel,sold,4000000,USD,,160000,100.0%
rec1ayQEU990qlEVg,Stock,Brik on Brick,Martin Wong,sold,102500,USD,,47250,100.0%
rec1b93TyOyVy8ynk,Stock,Untitled,Anna Zemankova,sold,13200,USD,,31200,50.0%
rec1c7OcmxblGaEZI,Stock,Nascente (série tela-corpo),Sonia Gomes,consigned,150000,USD,Pace Gallery,,100.0%
rec1uW8Sq8a4gncYL,Stock,Self-portrait 1,Didier Viodé,available,5260,USD,CHI,,100.0%
rec1xcyUyohHbEeyp,Stock,Untitled (Flat),Alex Israel,sold,150000,USD,,65000,50.0%
rec254WH1ixc3bCvh,Stock,Gate Storm Drain,Cyperien Gaillard,available,47950,USD,Max,,100.0%
rec2NBRiJzMLv3xKN,Stock,Painting (4.24.11),Oliver Lee Jackson,participating,18451,USD,Blackboard,,25.0%
rec2ZDsM97kgLdZmK,Stock,"Statue Djenné, Delta intérieur du Niger, Mali",Art Afrique,available,189000,EUR,CHI,,100.0%
rec2ixNyLTF06YfdT,Stock,Laura 98,John Kacere,participating,42500,USD,Gratin,,25.0%
rec2mLt8wwedp8vdp,Stock,Hacksaw,Jean-Michel Basquiat,available,600000,USD,Collonge,,100.0%
rec2qso41QiqVyXzF,Stock,"Two Skulls After El Greco and Blackbird, 2017-18",Victor Man,sold,150000,EUR,,240000,100.0%
rec2vOPcQ51WmvIio,Stock,No Jardim de Mukanaîme,Jaider Esbell,sold,52500,USD,MWDM,62500,33.3333%
rec2vUSv21Ja740c7,Stock,Gates,Cyprien Gaillard,sold,10692,USD,,8755,50.0%
rec2vnVB22Sm2GaP4,Stock,Untitled,Israel Lund,sold,787657.5,USD,,5000,16.67%
rec2zNZOvRFoorNrk,Stock,Beetle Leaf,Rebecca Manson,sold,36000,USD,14T,70000,100.0%
rec30ByXhyT4y8tcQ,Stock,Untitled (Cowboy),Richard Prince,sold,280833,GBP,,525000,33.3333%
rec3JzabVQX5P4jM2,Stock,Untitled (yellow),John Kacere,participating,16250,USD,Gratin,,25.0%
rec3NsroSDcfUTRBK,Stock,"Big Apples, feb 2023",Alvaro Barrington,sold,125000,USD,,46740.16,100.0%
rec3NwZ9UXL6BSjBd,Stock,Untitled,Chico da Silva (Francisco Domingos da Silva),participating,25000,USD,Satori,,50.0%
rec3acspShsjJEjXD,Stock,Wizen,Emmi Whitehorse,sold,95000,USD,,116600,100.0%
rec3c1XEFK4ySF3o1,Stock,Barcode Couch,Iva Kinnaird,sold,6650,GBP,,6500,100.0%
rec3gE8K1Kvrewq7i,Stock,Atlas holds the firmament on his shoulders,Vojtech Kovarik,available,72000,USD,Harsch,,100.0%
rec3xMJOlW5RbtaJv,Stock,Might feel weird,Issy Wood,sold,28000,USD,,185000,100.0%
rec43PCvxjgntB9HC,Stock,"Species from Late Jurassic, 155-148MA",Dinosaur,sold,350000,USD,,870000,100.0%
rec47yoNP2Rbe7w3i,Stock,Mama Sita,Romuald Hazoumè,available,25660,EUR,14T,,100.0%
rec4ETktr7qV2ExNR,Stock,Copyright,John Kacere,participating,17500,USD,,,50.0%
rec4XUEgjCEyI5Il7,Stock,Citation,Reggie Burrows Hodges,sold,333333.35,USD,,440000,66.6667%
rec4gqC80dGd5GbuD,Stock,Untitled painting,Ed Atkins,available,60000,USD,14T,,100.0%
rec4qVKatuT4XBoTg,Stock,Bombhead,Bruce Conner,sold,3150,USD,,32800,50.0%
rec4sOGQ4DbppbZ5U,Stock,Untitled Ropebust,Torey Thornton,sold,3400,USD,,40000,100.0%
rec56qSfZuVqSIyHQ,Stock,Parixaras,Jaider Esbell,participating,68000,USD,Satori,,50.0%
rec5NtWYGQ3BjHxe5,Stock,Zurich 1935,Kevin Reinhardt,available,20000,USD,Harsch,,100.0%
rec5OKrm56ll5bzO6,Stock,Untitled,Frida Orupabo,sold,27000,USD,,16800,10.0%
rec5OyeZgQCQcj3KE,Stock,Untitled,M'onma,available,4800,USD,Collonge,,100.0%
rec5YpPQv2NbyPydR,Stock,"Important coffee table, model 1114 Pcs.4",Carlo Mollino,sold,161000,USD,,175000,100.0%
rec5nbheOdMUrqzdx,Stock,Chris,Henry Taylor,sold,157500,USD,,,100.0%
rec5p1fx29UIQa92Q,Stock,Helix 2,Otto Boll,available,34200,EUR,UOVO Delaware,,100.0%
rec6BG0zax9ofAEv8,Stock,Minor Success,Jean-Michel Basquiat,sold,751166.67,GBP,,2310000,33.3333%
rec6FJqiRxtUNaaoA,Stock,Major-Q,Romuald Hazoumè,available,25500,EUR,14T,,100.0%
rec6GRWNEyvFPMHdl,Stock,Untitled,Robert Nava,sold,98500,USD,,400000,100.0%
rec6OiSxzCU29fgLi,Stock,Berlin Duck #2,Joe Bradley,sold,217250,USD,,250000,25.0%
rec6VGBQb0BfWI847,Stock,The Part that you call you,Paul Kneale,sold,15300,EUR,,1260,100.0%
rec6izGvLjRHrRNXG,Stock,Untitled,Jaider Esbell,sold,150000,USD,,,100.0%
rec6jeIQi0EyMtSVo,Stock,Green Wall,Andrew Piedilato,available,17600,USD,Harsch,,100.0%
rec6nciT5xY7D91HZ,Stock,Huain Capac,Donna Huanca,sold,35000,USD,,55000,100.0%
rec775sCwxUoUdqLL,Stock,Child Cooperating with Chance,Justin Caguiat,available,650000,USD,14T,,100.0%
rec77dACtQ02zGMn5,Stock,Untitled,Jean-Michel Basquiat,sold,561000,USD,,1085000,100.0%
rec7gdjNCa3AeW9UE,Stock,Untitled / Sem Titulo,Maria Auxiliadora,sold,65000,USD,,65000,100.0%
rec7uakx4rmfmfacA,Stock,Dal Pescatore,John M Armleder,sold,30833.33,USD,,56000,33.3333%
rec7vRy86JlQOXQis,Stock,Untitled,Laura Owens,sold,59375,USD,,378000,50.0%
rec8enr3LsoufYbsH,Stock,Self portrait,Alex Israel,sold,11250,USD,,125000,50.0%
rec8vSp2Baesig9LM,Stock,"Pilon Espiritu Santo, Vanuatu",Art Afrique,in_transit,25400,EUR,14 T,,100.0%
rec8yR2n6Kl9YJJkH,Stock,Untitled (Jew),Joel Mesler,sold,29250,USD,,32500,50.0%
rec984bK25Z2hGpb1,Stock,Dad and Son,Mohamed Bourouissa,sold,36000,USD,,10600,100.0%
rec9RsnYBvTVpdBJQ,Stock,Will You Murder Me After We Watch the Sunset Together,Yuan Fang,sold,30000,USD,,51500,100.0%
rec9WkDbkrtiqpWJc,Stock,SP245,Sterling Ruby,sold,808000,USD,,700000,100.0%
rec9YCi7LxQmdGUR7,Stock,Fraught Times:For Eleven Months of the Year it's an Artwork,Philippe Parreno,sold,600000,EUR,,714000,60.0%
rec9m0wwTRR7E8CLF,Stock,Seated Jordan,Alic Brock,sold,15000,USD,,800,100.0%
rec9xfbUivF5S7nxc,Stock,O pajé curando tabaco,Jaider Esbell,sold,29633.33,USD,,49000,33.3333%
rec9zY91k2TorOmAT,Stock,Letters from Sky Island,Tali Fruchtmann,available,13500,USD,Harsch,,100.0%
recA8h4wmuwLm4UYk,Stock,Untitled,M'onma,available,9000,USD,CHI,,100.0%
recAkLkqXPVxdu8FN,Stock,"Concetto Spaziale, New York 64",Lucio Fontana,sold,825000,EUR,,1500000,25.0%
recAm7nNL0rN23bme,Stock,Woman Crying (Comic) #20,Anne Collier,sold,25200,USD,,21000,100.0%
recAsBY5CkNbD5mV4,Stock,Pareidolic Faith,Adrian Schachter,sold,9000,USD,,9000,100.0%
recBBdJ3tptpdaahA,Stock,Pupila / Pupil,Osgemeos,sold,171000,USD,,74200,100.0%
recBMtayZ3gP7HtSl,Stock,Danny De Voido,Louis Eisner,sold,85000,USD,,59455.11,100.0%
recBN6fOL4O2U29yP,Stock,Die Rings Composition 5,Marc Kokopeli,available,9900,USD,14T,,100.0%
recBQeYZz0jcie1Yq,Stock,Untitled,Anna Zemankova,available,13500,USD,CHI,,100.0%
recBTofwpH3v0IEFD,Stock,Meg with a broken arm (Meg White),Elizabeth Peyton,sold,550000,USD,,625000,50.0%
recBq1Q9JMr8iN7wM,Stock,Alien in the City (or Lean),Leelee Kimmel,sold,25000,USD,,31500,100.0%
recBzIDT7Vvr0KlQJ,Stock,Asparegus Officinals,John M Armleder,sold,30833.34,USD,,35000,33.3333%
recC3UZTuS0QJXAGt,Stock,"Light layers / go, Daddy 3",Issy Wood,participating,50000,USD,SOMA,,25.0%
recC7OJuod3JRfVcs,Stock,Outdoor No. 4,Liu Wei,sold,135000,USD,,140000,50.0%
recCEqOOHE5d090cl,Stock,Untitled,Anna Zemankova,consigned,33000,USD,Gladstone,,100.0%
recCEwKbvGLjlpzAf,Stock,Le Poids de la Mémoire #2,Elladj Lincy Deloumeaux,available,7200,EUR,Collonge,,100.0%
recCGxlXHxV7jcSdK,Stock,Luna Park,Tali Lennox,available,20625,USD,14 T,,100.0%
recCLcRo1vlQCeNL7,Stock,A lua e eu,Paulo Nimer Pjota,available,45000,USD,UOVO Delaware,,100.0%
recCWDLzp9YMhRUhS,Stock,Weigh Your Cotton,Winfred Rembert,available,122700,USD,Fair Warning,,67.16%
recCaHtN92sMCmisv,Stock,City Lights,Lucien Smith,sold,150000,USD,,200000,100.0%
recCd0GUNdcNJdHLh,Stock,Red Dogwood 1,Alex Katz,sold,650000,USD,,5200000,100.0%
recCh8ftCADiIXFIl,Stock,Good Painting (Less is More),Richard Prince,sold,175000,USD,,70000,100.0%
recCtu6R8VewiM2Dy,Stock,Untitled,Anna Zemankova,available,13500,USD,CHI,,100.0%
recCxmLDXcahMkI2n,Stock,Kar Interior Kenny,Issy Wood,sold,93500,USD,,172800,100.0%
recCzmoikNTLrpqbS,Stock,Roxanne,John Kacere,sold,70000,USD,,137788,50.0%
recD9RIrOkeZniQJd,Stock,Untitled,Steven Parrino,sold,21250,USD,,113637.5,100.0%
recDAoMfcoMX1NoAB,Stock,Wipeout #2,Todd Bienvenu,available,9000,USD,14T,,100.0%
recDFZ53oFtBBX9Gm,Stock,Telling it over,Richard Prince,sold,720000,USD,,1200000,30.0%
recDGmM2bQL8zxlMS,Stock,Photoshoot (Magenta),Lisa Yuskavage,sold,120000,USD,,280000,100.0%
recDIxLARgpeh7Q72,Stock,High Awakening,Ted Pim,sold,14850,USD,,18590,100.0%
recDRUWlqnzJVxFRl,Stock,Untitled,Anna Zemankova,consigned,12250,GBP,Fair Warning,,50.0%
recDSr7RfsjeIh7Ma,Stock,Untitled,Anna Zemankova,sold,13200,USD,,21600,50.0%
recDTr09hSGRdF6We,Stock,Murakami Flower 6758 Water Surface and Skull Face,Takashi Murakami,sold,90000,USD,,63000,100.0%
recDXTky8n96oq0a1,Stock,Untitled,Jean-Michel Basquiat,sold,700000,USD,,825000,33.3333%
recDaDZi1KGjRQYtG,Stock,Personnel Airlock,Isaac Soh Fujita Howell,in_transit,4000,USD,où,,100.0%
recDmrYq7pPjHUFTq,Stock,Echo 03,Yuan Fang,participating,5750,USD,Chalk,,50.0%
recDrgYGcyO1U5r2n,Stock,Touching Toes,Joan Semmel,consigned,135000,USD,Harsch,,100.0%
recDyYyZvAdlkLaUX,Stock,The Lady Eve,Lucien Smith,sold,43000,USD,,60000,100.0%
recE2uvchsW1oCdff,Stock,La Cecità dell'Atleta I,Leonardo Meoni,available,9000,USD,Harsch,,100.0%
recE4jYRZygLs2W8n,Stock,Sculpture on pedestal 5,Piero Golia,sold,18000,USD,,1700,100.0%
recE5Rbk2rQHJHH8c,Stock,In all my fear or glory,Rebecca Ackroyd,sold,12000,USD,,7950,100.0%
recE780LbIUcOTZSg,Stock,Três Mistérios,Jaider Esbell,available,80000,USD,14T,,100.0%
recE8UDxCQVGHZnpt,Stock,Edward Fur-Long bench from the Beast series,The Haas Brothers,sold,40000,USD,,60000,100.0%
recEDT3Az2W6ihQVO,Stock,"Lady, Cow and Rabbit",Mickey Lee,available,12000,USD,UOVO Delaware,,100.0%
recEkAwzb8SFb4jt1,Stock,Frozen Waves 04,Yuan Fang,participating,5750,USD,Chalk,,50.0%
recElXeqqILrdW0zo,Stock,Flower Girl,Serge Attukwei Clottey,sold,85000,USD,,80000,100.0%
recEmArWTZ2zTF6W5,Stock,La Casa de Asterion,Hao Liang,participating,166666,USD,Alain Benatar,,33.3333%
recF1TNWzylo6dpFa,Stock,Kachina,Miyoko Ito,available,560700,USD,14T,,100.0%
recF940VWvGfUBErj,Stock,Untitled (Colored Butterfly White Sides 691),Mark Grotjahn,sold,179166.5,USD,,208333.34,16.6667%
recFT2grLjg2lBDk6,Stock,Peg Leg,Justin Adian,sold,12000,USD,,4830,100.0%
recFhQ7GjoQFyjdMm,Stock,Thai XII,Robert Rauschenberg,available,108000,USD,14T,,100.0%
recFv2y8vrjlNl2HO,Stock,Max,Elizabeth Peyton,sold,900000,USD,,1900000,100.0%
recFxvq2BsimPYGJp,Stock,Traces,José Parlà,sold,76500,USD,,136500,100.0%
recFzoHvsNtjAxIpI,Stock,Répartition aléatoire de 40'000 carrés,François Morellet,sold,337500,EUR,,379000,100.0%
recG7PuE0JA8o1s4N,Stock,Amenities! Python! The Artillery of Heaven!,Issy Wood,sold,50000,USD,,175000,100.0%
recGAK7hCdBb1m5VR,Stock,Contra,Jeronimo Rüedi,available,21600,USD,14 T,,100.0%
recGN0ZuRmXILO1cs,Stock,Melt Down : After Klein (orange),Sherrie Levine,sold,275000,USD,,150000,100.0%
recGXl954MU31yU4t,Stock,Marisa,John Kacere,sold,86666,USD,,199000,33.3333%
recGb98wHfch2NNge,Stock,Untitled,Lucas Arruda,available,200000,USD,Crozier Delaware,,50.0%
recGeSPH4Xswy5roy,Stock,Patrons Saints of anomalous persons (green),Justin Caguiat,sold,485000,USD,,,100.0%
recGkoWejfuurQG8u,Stock,B-347 Biomechanical Landscape,HR Giger,participating,112500,CHF,Lohengrin,,50.0%
recH59WjwJbpmCgKA,Stock,Brigite Bardot,Andy Warhol,sold,1050000,USD,,1492525,11.35%
recHXUXGYhPBbvwNn,Stock,Mountain Road,Xiao Jiang,sold,36000,USD,,20400,100.0%
recHXkzIEbtWCoNFJ,Stock,"Untitled (Topanga days, 5)",Sam Falls,sold,16000,USD,Harsch,7000,100.0%
recHbdYqfaJOEWYxV,Stock,Untitled 4,Ernst Yohji Jaeger,sold,48000,EUR,,29400,100.0%
recHgCmmFzXikAwxw,Stock,Closer 006,Sang Woo Kim,available,15000,EUR,14T,,100.0%
recHkC5ftKi73eFl3,Stock,Sea Changes,Miyoko Ito,sold,120000,USD,,,100.0%
recHy9PzcD5Y2pqGX,Stock,Untitled,Lynne Drexler,sold,310600,USD,,,23.53%
recI7BdroMq2tk54O,Stock,"Mädchen im Sessel (Lila), 1965-1966",Gerhard Richter,sold,2000000,USD,,2608696,33.3333%
recIAbGd8pZPJc0lx,Stock,"Rupture, 2019-2020",Victor Man,sold,117000,EUR,,550000,100.0%
recIIZ1gOy83zitOh,Stock,"Sin City Sag, Fuckhead bubble-gum",Steven Parrino,sold,260000,USD,,162000,33.3333%
recIJNKYZ0bao4QkZ,Stock,Untitled,Jaider Esbell,sold,110000,USD,,150000,100.0%
recIUmJm78yXY27AC,Stock,Kathy,John Kacere,participating,150000,USD,Gratin,,50.0%
recIpwmhu57sFBY6L,Stock,"Veil of Hidden Meaning, 2017-18",Damien Hirst,sold,562500,USD,,630000,50.0%
recJ8FcYk9d7IkrKA,Stock,After Courbet: 1-18,Sherrie Levine,sold,55000,USD,,15000,100.0%
recJAqnh3QbNpR958,Stock,Portrait of Apollo,Vojtech Kovarik,sold,45000,USD,,52500,50.0%
recJB7mqIUzfNlIU4,Stock,Untitled (Brain Void),Matt Di Giacomo,available,35000,USD,UOVO Delaware,,100.0%
recJZ3kXNf8Y7cs2l,Stock,Laura II,John Kacere,participating,82500,USD,Gratin,,50.0%
recJelwXNfmvuf8ZI,Stock,Don't look at me,Alic Brock,sold,25000,USD,,424,100.0%
recJgKe0fBsc22Ev0,Stock,Um amalgama. Cavaleiro monge - ascendencia (an amalgam. Horseman monk - ancestry),Antonio Oba,consigned,160000,USD,MWDM,450000,66.6667%
recK3z1ihsDILmkrp,Stock,Sky Backdrop,Alex Israel,sold,11000,USD,,70000,10.0%
recKd2i0omGLc5RYO,Stock,As if forgotten for centuries,Sanam Khatibi,sold,17000,EUR,,20000,100.0%
recKdr3SU885lwtYl,Stock,Flowers in Vase in Blue Room,Ksenia Dermenzhi,sold,7040,GBP,,3675,100.0%
recKf3ULTbIoGdDOF,Stock,The Moon 20190618,Wang Yuyang,sold,55000,EUR,,,100.0%
recKziFXWYGU3PAQr,Stock,Unititled (cowboy),Richard Prince,sold,950000,USD,,1715000,100.0%
recKzntLMiynuRWaL,Stock,Yellow Horn,Derek Fordjour,sold,625000,USD,,243200,100.0%
recLUrwn5bfuoyp18,Stock,Patricia,John Kacere,participating,142500,USD,Gratin,,50.0%
recLWKxGqJ1efovcv,Stock,Untitled,Chico da Silva (Francisco Domingos da Silva),participating,6000,USD,AMW,,50.0%
recLZoAzS6MKGaBTa,Stock,Edie,John Kacere,participating,125000,USD,Gratin,,50.0%
recLecjzFXMj27mlo,Stock,Untitled,Israel Lund,sold,120000,USD,,6000,100.0%
recLfioAgYWp8P3sQ,Stock,Desdobramentos sobre sankofa,Antonio Oba,sold,260000,USD,,309663.37,100.0%
recLvOQA7mjgtjITa,Stock,Landschaft XXX,HR Giger,participating,74700,USD,Lohengrin,,50.0%
recLwLW5ivaJYmhuH,Stock,Untitled,Anna Zemankova,available,80000,EUR,Collonge Annexe,,100.0%
recLxPbaZHxSyZ7J4,Stock,The Asp in Clasp,Issy Wood,sold,102500,USD,,530000,50.0%
recLyEJG3ycDEhlrD,Stock,1998.10,Fang Lijun,available,478334,USD,Harsch,,100.0%
recM0MIN1AiAwBhm5,Stock,No Draft,Li Ran,consigned,31500,USD,UOVO,,100.0%
recM70SGoNafAfOpy,Stock,Untitled,Marina Perez Simao,available,135000,USD,Harsch,,100.0%
recM7nxSqZtT6N807,Stock,"Untitled (Penis Print), ca 1969-1973",David Hammons,available,335000,USD,CHI,,100.0%
recMCuaUBbA0KW4xT,Stock,"Masque Kwélé, Gabon",Art Afrique,sold,693000,EUR,,693000,100.0%
recMDMZ6L62wQCe2A,Stock,Sem Titulo (Untitled),Jaider Esbell,sold,110000,USD,Fair Warning,147000,100.0%
recMME80029vMQA8v,Stock,La chambre d'écoute,René Magritte,sold,1000000,EUR,,1264706,5.88%
recMOjaYfpIZIj8ZX,Stock,Untitled (White Butterfly),Mark Grotjahn,sold,783500,USD,,816666.67,16.6667%
recMP7VJDytedv4r3,Stock,The Moon 20190512,Wang Yuyang,consigned,50000,EUR,Christie's NY,,100.0%
recMbHhqPJY3Xiucy,Stock,Barbara,John Kacere,participating,90000,USD,Gratin,,50.0%
recMoAtCIgiNUogGY,Stock,Marcia D,John Kacere,participating,22000,USD,Gratin,,20.0%
recMrvaejrkKtFUFN,Stock,Psyduck,Anthony Coleman,sold,450,USD,,490,100.0%
recMtymzNM56181Fe,Stock,Untitled,Anna Zemankova,available,2720,USD,CHI,,50.0%
recMumjcuy6DAZdvK,Stock,Untitled,Anna Zemankova,consigned,11000,USD,CHI,,50.0%
recN6DPDdHCEwSlLj,Stock,Ne plus ultra / My lonely Particle,Isaac Soh Fujita Howell,in_transit,26500,USD,où,,100.0%
recNH5vMCjLO3eYob,Stock,Untitled,Lucas Arruda,participating,115000,USD,Matt Knauer,,20.0%
recNJCHngSegO3b42,Stock,Player No. 83,Derek Fordjour,sold,255000,USD,,73500,100.0%
recNKpO4cfzn33xQT,Stock,In the Studio,Xiao Jiang,available,45000,USD,CHI,,100.0%
recNNfbx5pcGYkFjA,Stock,"Kolbe with Tallit, Ed. 2/5",Benyamin Reich,available,3700,CHF,où,,100.0%
recNNwtUUC4ojCEVL,Stock,Untitled,Anna Zemankova,available,18000,USD,Collonge,,50.0%
recNQkUZ0UOZuyTbi,Stock,Untitled,Agnes Martin,sold,250000,USD,,808333,100.0%
recNXJay9pFi2MvAQ,Stock,Figure With Knife,Michael Hilsman,available,19000,USD,14T,,100.0%
recNds2Bw0tNpOonG,Stock,Sometimes I Feel Like a Motherless Child,Charles White,sold,550000,USD,,800000,100.0%
recNgj8L1ITj9j7eW,Stock,Untitled,Lucas Arruda,sold,225000,USD,,346606.53,90.0%
recNwAOHNcmJ5UzGc,Stock,Untitled,Christopher Wool,available,1666666.6,USD,UOVO Delaware,,33.3333%
recO7lVJToNIgUXOj,Stock,Ways of Seeing 003,Sang Woo Kim,available,13950,EUR,14T,,100.0%
recO7vkkUVk8t5LLP,Stock,Untitled (Body Print),David Hammons,sold,700000,USD,,1100000,100.0%
recO9iZaaVrnQDdLX,Stock,Writer's Bench: Grand Concourse & 149th Street BX,José Parlà,sold,72250,USD,,1498000,100.0%
recO9jJ3heZKNecZc,Stock,Floating Head 1,Andra Ursuta,sold,72000,USD,,44520,100.0%
recOH25q5TvV7Aghw,Stock,Untitled (Denunzia),Maurizio Cattelan,available,250000,USD,Collonge,,100.0%
recOPAG1Pmw0RA6Uq,Stock,Trivial Pursuits,Tomas Harker,sold,3500,CHF,,3200,100.0%
recOQiJsrvNQjSMhb,Stock,Chiffon Dress,Aks Misyuta,available,4800,USD,14T,,100.0%
recOqClhCwhKoZqd1,Stock,Tuna,Julia Isidrez,available,28000,USD,14T,,100.0%
recP2UEwyiDqxP5kq,Stock,Untitled,Anna Zemankova,available,30000,USD,CHI,,50.0%
recPAaczWTnq4DV8V,Stock,Untitled,Magdalena Odundo,participating,177000,USD,Matt Knauer,,50.0%
recPAtN4wi6PArcom,Stock,Diverses oeuvres,John Kacere,participating,325125,USD,Gratin,,50.0%
recPKepLeUgcdW9gG,Stock,Pyro,Jean-Michel Basquiat,sold,1274060,USD,,1500000,10.0%
recPKnbBZdZ38Jdoo,Stock,The Consultation,Issy Wood,sold,85000,USD,,94500,50.0%
recPdTrOH5OthFTSI,Stock,Before Minotaur,Robert Nava,available,319800,GBP,14T,,50.0%
recPi2QmaUUQdw8SR,Stock,Returning Back 1,Mosie Romney,sold,18000,USD,,12600,100.0%
recPmBy6OPFaa3Gq8,Stock,Fidenza #724,Tyler Hobbs,in_wallet,182700,GBP,Wallet Stagadon,,50.0%
recPyTlof2D5n5g3D,Stock,Untitled (splashes),John M Armleder,sold,40000,USD,,13426.65,33.3333%
recQ6T15BcTkPUvUI,Stock,Girl with Laughing Cat,Victor Man,consigned,180000,EUR,Collonge,,100.0%
recQFGpiJBsmiRAdi,Stock,"Untitled 2022 (The Street, 1970)",Rirkrit Tiravanija,available,19800,USD,14T,,100.0%
recQMoIvYsdJSUAnC,Stock,"Untitled, n.d.",Chico da Silva (Francisco Domingos da Silva),available,43333.33,USD,14T,,100.0%
recQQr3jxHRL3j5pi,Stock,Untitled (Flat),Alex Israel,sold,39000,USD,,100500,30.0%
recQUcoBsQq5kThoq,Stock,TBC,Otani Workshop,sold,28500,USD,,34444,50.0%
recQg5R2arJO9DNs4,Stock,"Dakar, Senegal #5,",Henry Taylor,sold,200000,USD,,260000,100.0%
recQhiM9478FGYz0v,Stock,Untitled,M'onma,available,4000,USD,14T,,100.0%
recQs6JVT8K7iiRIR,Stock,Hang it over my head or hide it under my thumb (Kaya),Chloe Wise,available,27200,USD,Harsch,,100.0%
recQxObdbgC1BcFHt,Stock,B-445 Biomechanical Interior,HR Giger,participating,72500,CHF,Lohengrin,,50.0%
recRETCJgbnpVk7xE,Stock,Untitled,M'onma,available,6240,USD,14T,,100.0%
recRFPb1YMFR6uDHY,Stock,Diane,John Kacere,participating,65000,USD,Gratin,,50.0%
recRIUvZC4WVXf23m,Stock,"Artificial Realities: Winds of LA, Pacific Ocean, California Landscapes",Refik Anadol,available,400000,USD,Sotheby's Saudi,,100.0%
recRJ3RvC2i4TYP53,Stock,Time's Will,José Parlà,sold,42500,USD,,56768.67,100.0%
recRNEXmgRRPl9asD,Stock,Untitled (Poster Painting),Klara Liden,sold,200000,USD,Harsch,55000,100.0%
recROcd1nNsVK8nAC,Stock,The Midnight Fire,Xinyi Cheng,sold,230000,USD,,800000,100.0%
recRRvJg2KMiFI7XH,Stock,Untitled,Maria Bartuszova,consigned,160000,USD,14T,,100.0%
recRVi6JrhZGvnmb4,Stock,Riders on the Storm,Angel Otero,sold,90000,USD,,210000,100.0%
recRZdLszmpyGgUWE,Stock,Untitled,Albert Oehlen,sold,775000,USD,,4200000,15.5%
recRhdNY83eGzVf6y,Stock,Wandering in the Starry Sky,Yuan Fang,participating,5750,USD,Chalk & Vermilion,,50.0%
recRjCIab7UnZc9g4,Stock,Untitled,Salvatore Emblema,pending_purchase,75000,EUR,où,,100.0%
recS58mDByHv05pZq,Stock,"White Panties, White Slip, Side view",John Kacere,sold,42500,USD,,78750,50.0%
recSSuPi3bVLK6iof,Stock,Fleur imaginaire,Anna Zemankova,consigned,20800,EUR,Fair Warning,,100.0%
recSTnUYoS6QqcHsb,Stock,Groove Man,Andy Robert,participating,105000,USD,Darrow Contemporary,,50.0%
recSmeQFEUz0TvSvf,Stock,Catherine and Midnight,Takako Yamaguchi,sold,175000,USD,,217000,25.0%
recSwKSSXjhTAL4fo,Stock,"Masque Île de Nissan, Iles Green, Papouasie-Nouvelle-Guinée",Art Afrique,available,69300,EUR,14T,,100.0%
recT7CVDgeAAwVz0L,Stock,B. Nowak,John Kacere,participating,12500,USD,Gratin,,25.0%
recT7QsFOb9BhZ4a6,Stock,Sans Titre ≠ 2,Elladj Lincy Deloumeaux,sold,500,EUR,,,100.0%
recTHOAL8O1YRFx7Q,Stock,Raining Flowers 02,Yuan Fang,participating,5750,USD,Chalk,,50.0%
recTjbXSixxKHdRUB,Stock,Shoes,Todd Bienvenu,available,35000,USD,UOVO Delaware,,100.0%
recTxfsU8vkBfO92B,Stock,Untitled,Anna Zemankova,in_transit,65000,USD,14 T,,100.0%
recUGTKA5ON6TPArp,Stock,Counterclockwise,Takako Yamaguchi,sold,180000,USD,,240000,100.0%
recUHXu6uoxFyyaSS,Stock,Untitled,John Kacere,sold,8334,USD,,21000,33.3333%
recUKf4nE5wZ0hZNQ,Stock,Entrückt,Lewis Hammond,available,40000,EUR,UOVO Delaware,,100.0%
recUO365Mpkm2nUJK,Stock,Wisteria,Lynne Drexler,sold,185000,USD,,297500,50.0%
recUctCsCQQ3pGr8U,Stock,Untitled,Marina Perez Simao,sold,135000,USD,,205000,100.0%
recUw9zfznLBQA7ho,Stock,Untitled,Israel Lund,sold,500000,USD,,1700,100.0%
recUwBa60i2UiJBNY,Stock,Bastu,Steven Shearer,sold,20000,USD,,4200,100.0%
recV01WWo3JX01ZF9,Stock,Meubles,Divers,available,48000,EUR,14T,,100.0%
recV9UapnZmUl69xs,Stock,Biomecanische Landschaft,HR Giger,participating,65625,USD,Lohengrin,,50.0%
recVJEO1MFP911aaF,Stock,More Than Yesterday,Cecily Brown,sold,385000,USD,,565000,50.0%
recVObV98E1VHH28U,Stock,Untitled,Rudolf Stingel,sold,50000,USD,,33075,100.0%
recVu45kQBMNx40rr,Stock,Untitled,Anna Zemankova,pending_purchase,6985,USD,où,,100.0%
recW35ydGsFIH8sGZ,Stock,Untitled,Rudolf Stingel,sold,1066667,USD,,2089125,33.3333%
recW4r24bQNymKcVx,Stock,Untitled,Anna Zemankova,sold,30000,USD,,38834.93,50.0%
recWBzGfz8byOmgnS,Stock,Open Window with Model Sailing Boat,William Wright,available,6300,GBP,14T,,100.0%
recWDxBVTJRXtZhMl,Stock,Germination 01,Yuan Fang,sold,20000,USD,,45000,100.0%
recWEF2Xi5lMeXqTm,Stock,Untitled (from the Deserto-Modelo series),Lucas Arruda,sold,220000,USD,,375000,100.0%
recWV3yjLsE2HdAO7,Stock,"Sunset, Haircut",Mario Ayala,available,44450,USD,UOVO Delaware,,100.0%
recWcMNIH0ctq27wk,Stock,Marianne R.,John Kacere,participating,66500,USD,Gratin,,25.0%
recWkFJyc4eKXbJI7,Stock,Untitled,Miyoko Ito,participating,250000,USD,Gratin,,50.0%
recXOBA9M2XcuJW0X,Stock,The Age of Reason,George Condo,sold,317500,USD,,294000,50.0%
recXPP1x2xZ7AH9Cu,Stock,Untitled,Anna Zemankova,available,16224,GBP,CHI,,100.0%
recXZ1cCCA0D6rnML,Stock,"Pronkstilleven, 2020-21",Cecily Brown,available,185000,USD,Collonge Annexe,,100.0%
recXhalAPoAaDbS16,Stock,Agneau à Séoul,Romuald Hazoumè,sold,25848,EUR,,47000,100.0%
recXo0UjUtmt9fZOR,Stock,"Sem Titulo (Untitled), n.d.",Chico da Silva (Francisco Domingos da Silva),available,45000,USD,Harsch,,100.0%
recXqJfUUCB2OiccV,Stock,In the Service of Others,Reggie Burrows Hodges,sold,850000,USD,,749000,80.0%
recY1YYDGfPM7zb2X,Stock,B is for Bentwood,Jamian Juliano-Villani,available,120000,USD,UOVO Long Island,,100.0%
recY299fTMXXWagNC,Stock,"LJ15.456°N, 90.773°W",Haley Mellin,on_loan,7020,USD,Loic NYC,,100.0%
recYOGaoydU50IQzm,Stock,"Tag um Tag guter Tag (Day by Day Good Day), Nr.1466 (night)",Peter Dreher,sold,13500,USD,,8400,100.0%
recYuSbCMR2HgwnGY,Stock,Untitled (Indian #9 Face 45.54),Mark Grotjahn,sold,1250000,USD,,1707441,28.41%
recZ0dklwLId2kJKy,Stock,The Wrong Joke,Richard Prince,sold,771666,USD,,1333333,33.0%
recZ6Goju4rMMGd6y,Stock,Untitled (Pablo Picasso),Jean-Michel Basquiat,available,646250,GBP,Nahmad,,10.0%
recZG3Mqm2M2CIl7F,Stock,Chaos #96 JR,Urs Fischer,participating,10000,USD,High Fashion Concepts,,50.0%
recZVDJy2IsiKlg9j,Stock,Untitled,John Kacere,in_transit,51200,GBP,Harsch,,100.0%
recZn7ghS3zmqVihn,Stock,Thousand year old laughter,Justin Caguiat,available,750000,USD,14T,,100.0%
recZrAPcghkmDZhF4,Stock,"First Serve, Hands Behind Your Back",Reggie Burrows Hodges,sold,300000,USD,,300000,50.0%
recZzzL6sDR1Lw1tG,Stock,Cimier Ejagham Nigeria,Art Afrique,sold,103320,USD,,150000,100.0%
reca139V8cbS21100,Stock,LEP_78,Dustin Hodges,participating,13000,USD,Blackboard,,50.0%
recaFdQ9kLEI6Iwdt,Stock,Ambulance Shark,Robert Nava,sold,100000,USD,,110000,100.0%
recanfOcC1mxCpf38,Stock,Untitled,Salvatore Emblema,pending_purchase,59000,EUR,où,,100.0%
recayUOJRRCxjYN2L,Stock,Echo 05,Yuan Fang,participating,5750,USD,Chalk,,50.0%
recbLeGpFlMq4uZn7,Stock,All I've Heard,Richard Prince,sold,844166.67,USD,,1333166.67,33.3333%
recbMZS5MeEzXGoXs,Stock,Untitled (are you gonna be warm enough),Issy Wood,sold,300000,USD,,425000,100.0%
recbP1oh8lBiYsUe7,Stock,Darling,Xinyi Cheng,sold,85000,EUR,,252000,100.0%
recbSsGVYQ7ZWOPyB,Stock,"Tête Fang, Gabon",Art Afrique,in_transit,123190,EUR,14 T,,100.0%
recbcty8TosTrsFlW,Stock,Don,Arthur Jafa,consigned,72000,USD,Gladstone,,100.0%
recbgcxZJbLkJ2LbX,Stock,Lifeguard Chair Montauk,Daniel Heidkamp,available,9775,USD,14T,,100.0%
recbiA7MqdDJspPJA,Stock,"Politics (I eat Politics, I sleep Politics, but I never drink Politics), 1988/89",Richard Prince,sold,400000,USD,,750000,25.0%
recbjfkJkKxCz8vPV,Stock,Untitled,Anna Zemankova,consigned,43000,EUR,Harsch,,100.0%
recbp7MxChBl3a7Z4,Stock,Untitled (Flat),Alex Israel,sold,66000,USD,,87600,30.0%
recbuEFMmTO68bhBt,Stock,Anyema,Serge Attukwei Clottey,sold,36000,USD,,7420,100.0%
recbuN7sC8RefQDEX,Stock,Laura II,John Kacere,participating,96667,USD,Gratin,,33.3333%
recc1rLj36npFi1Mu,Stock,Untitled (Flat),Alex Israel,sold,60000,USD,,136781.25,30.0%
reccMoid6pbOXDIzq,Stock,Untitled,Louis Eisner,sold,100000,USD,,108350,100.0%
recch8R2cu6Dti9AY,Stock,Cooling Trend,Takako Yamaguchi,available,271250,USD,UOVO Delaware,,40.0%
recciY9jCZYAQRyXb,Stock,Diverses oeuvres,John Kacere,participating,10500,USD,Gratin,,50.0%
reccirRAEFif8Ismy,Stock,"Ballen Eter, Twee Benen Op Een Bord",Leonardo Meoni,sold,7200,USD,,15000,100.0%
reccq0DIIiqGRPZJU,Stock,Untitled,Josh Smith,sold,100000,USD,,25000,100.0%
recd3XkUgI33gWEAf,Stock,Untitled (Poster Painting),Klara Liden,available,75000,USD,Max,,100.0%
recdBBRt5gFkyhzFH,Stock,Spring Flowers,Antone Könst,consigned,20400,USD,Christie's NY,,100.0%
recdFQlvbFLBQeZbh,Stock,King Alphonso,Jean-Michel Basquiat,available,35000,USD,UOVO Delaware,,100.0%
recdeet7O5i8nkfrM,Stock,Ways of Desire,Walter Robinson,in_transit,40500,USD,où,,100.0%
receMNpIIU9zGz2Nu,Stock,Untitled (Man on the Moon),William Hawkins,participating,24000,USD,Blackboard,,50.0%
receO4nh17dOs6ueD,Stock,Untitled,M'onma,available,6960,USD,14T,,100.0%
receSpsdRGT81hMWl,Stock,Oystercatchers (Penrose Series),Rowena Hughes,sold,1300,EUR,,,100.0%
recelhxVem7R50q0E,Stock,Untitled (from the Deserto-Modelo series),Lucas Arruda,sold,250000,USD,,,100.0%
receteLIF56IFUz1a,Stock,"Radical Writings, Schriftzug-Atemzug, Übung 2",Irma Blank,sold,28800,USD,,13650,100.0%
receyZkMig60oopNq,Stock,Down in the Dumps : So Long Sweetheart,Robert Colescott,sold,219333,USD,,500000,66.6667%
recf3jEyBrGCbGqKr,Stock,Adrien + Halle,Elizabeth Peyton,sold,281250,USD,,425000,100.0%
recf7kHliYMh25HJ2,Stock,Untitled,Israel Lund,sold,625000,USD,,85000,25.0%
recfMkYkbE8dXlkEa,Stock,Galloping 03,Yuan Fang,participating,5750,USD,Chalk,,50.0%
recfRTz0EQ9vUzFhX,Stock,Cherchez LaGhost,Rob Davis,sold,5850,USD,,600,100.0%
recfaOLlviqDyL9PU,Stock,Untitled (red blouse),Takako Yamaguchi,sold,50000,USD,,245000,50.0%
recfdNZwBoaLQHf9d,Stock,Lorena,John Kacere,sold,45970,USD,,95000,50.0%
recfdWEeUyfIZyptQ,Stock,Unforgettable,Zandile Ntobela,available,45000,EUR,14T,,100.0%
recfhFubkV39u9Als,Stock,Untitled,Israel Lund,sold,40000,USD,,66980,100.0%
recfoQJo6ZS8vSbrz,Stock,Sans Titre,Elladj Lincy Deloumeaux,available,4500,EUR,Collonge,,100.0%
recfp8ylyGpawjdd8,Stock,Untitled,Anna Zemankova,consigned,16380,USD,UOVO Delaware,,50.0%
recg0SAdzhCR4F4EP,Stock,Mantel Clock Sweepers,Maarten Baas,sold,22880,EUR,,122400,100.0%
recg3SnMilKha5xk0,Stock,Surf and Turf,Angel Otero,sold,119000,USD,,,100.0%
recg5IQFHJAYUUCFV,Stock,Landscape,Ksenia Dermenzhi,available,4640,GBP,Harsch,,100.0%
recg850FT4aatCEtA,Stock,Passing Through,Tom Anholt,sold,40000,USD,,45000,100.0%
recgHsst8t6yYEgyo,Stock,Unitled (Flat),Alex Israel,sold,42000,USD,,72000,50.0%
recgKxj8d4nsN6reV,Stock,The President,Ntombephi Ntombela,available,35000,EUR,22b P-O,,100.0%
recgYV2Ftt1DhCM1p,Stock,Untitled,Anna Zemankova,available,21000,GBP,CHI,,50.0%
recgwaIUw3tBzXEQo,Stock,Untitled (Head of a Madman),Jean-Michel Basquiat,sold,2487367.14,USD,,5672604.5,27.7543%
recgwb7KpB00r5mz2,Stock,Boiler Room,Robert Nava,sold,3906000,HKD,,455000,100.0%
rech1VP7PbHD1Mr4O,Stock,Toward a Shore,Billy Childish,sold,38250,EUR,,136500,100.0%
rech4UMQgZnIeZ6Ag,Stock,A metamorfose do passaro do bico preto,Jaider Esbell,consigned,90000,USD,Gladstone Séoul,,100.0%
rech7A0apVZWdgy85,Stock,Portrait of Woman,Yuan Fang,participating,4500,USD,Chalk & Vermilion,,50.0%
rech9fFlW9WyNAs5e,Stock,Blue Liam,Elizabeth Peyton,available,1800000,USD,UOVO Delaware,,100.0%
rechB6pvHbPZUiypn,Stock,Peinture aux Formes Variables,Daniel Buren,sold,232812.5,USD,,400000,25.0%
rechIeHWRMiEQp2a1,Stock,Sénégauloise,Romuald Hazoumè,available,21632,GBP,14T,,100.0%
rechQIm8ZvvZKYoaT,Stock,Untitled 4 (Two windows),Ernst Yohji Jaeger,sold,18000,EUR,,60900,100.0%
rechoicBSlPvIRWVi,Stock,Malicious Mischief,Martin Wong,sold,101250,USD,,102500,50.0%
rechvZDfTF5bK0Fk2,Stock,"Sin Titulo, Serie Flores, Frutas y Legumbres",Emma Reyes,available,16500,USD,CHI,,100.0%
reci3UykMLd8yuRyB,Stock,Femmes dans la nuit (Woman in the night),Joan Miro,sold,550000,USD,,600000,100.0%
reciExLpsSwx6Me9S,Stock,"Ornement de flûte latmul, Province Sepik oriental, Papouasie Nouvelle-Guinée",Art Afrique,available,189000,EUR,Collonge,,100.0%
recijxEiE1IV6Z0CL,Stock,Boiler House,Peter Doig,sold,17900000,USD,,18500000,100.0%
reciluUCgaSNIaeHf,Stock,Erika,John Kacere,sold,55381.87,USD,,91000,50.0%
recixGYiU8SohomHP,Stock,Field,Leonardo Meoni,sold,6480,USD,,9000,100.0%
recjFlxaizYV0IFiM,Stock,Untitled,Anna Zemankova,consigned,36000,EUR,Harsch,,100.0%
recjGTkGL5kIafWiq,Stock,Dark Forest,Yuan Fang,participating,5750,USD,Chalk,,50.0%
recjmmlRmA2cZFxYu,Stock,"Untitled VI, 2019 (Taipei)",Pat Steir,sold,150000,USD,,190000,50.0%
recjtlqNYKgScHYRE,Stock,"April 4th, 11:11",Antoine Wagner,available,4500,CHF,14T,,100.0%
recjuPdBfQeQHr6jf,Stock,Meubles,Divers,available,108669.55,EUR,14T,,100.0%
recjxjskujX8WTHQh,Stock,Kind of Blue,Mario Ayala,available,80000,USD,UOVO Delaware,,100.0%
reck3q8TbxbaptR51,Stock,Lens,Alex Israel,sold,58000,USD,,100000,10.0%
reck4Yd47E3U0DucM,Stock,Untitled,Anna Zemankova,available,22400,USD,CHI,,100.0%
reck8mEKZ7mBmSUC9,Stock,Make it rain,Cecily Brown,sold,457636.26,GBP,,542500,10.0%
reckTtnp0IiLazkQQ,Stock,Sinsational Sinthia,Steven Parrino,sold,283333.3,USD,,157500,33.3333%
reckV2sVM4mcwbAEr,Stock,No. 1 2018 (1.2.18),Oliver Lee Jackson,participating,9587,USD,Blackboard,,25.0%
reckaDqkIzR5xb1cc,Stock,Joanne,John Kacere,sold,75000,USD,Gratin,150000,50.0%
reckewT2tCPqhS0c9,Stock,Untitled Anxious Drawing,Rashid Johnson,sold,75000,USD,,350000,100.0%
reckji4HXFUuWlFgv,Stock,Tim Furry Beast chair,The Haas Brothers,sold,24000,USD,,35000,100.0%
recksSYAfIUjHDcU4,Stock,Untitled,Jean-Michel Basquiat,consigned,438500,USD,Acquavella NY,,50.0%
reckuKOzwmCX1cEVS,Stock,Jiggly Puff,Anthony Coleman,available,450,USD,Loic NYC,,100.0%
reckueZ4030s2rVbK,Stock,Oseekos2,Petra Cortright,sold,15000,USD,,11248.66,100.0%
recl7l27s1PLJ0jlL,Stock,O Canto da Baleia,Jaider Esbell,sold,52500,USD,,58533,33.3333%
recl8IBH6xcRtoJZv,Stock,Untitled,Rudolf Stingel,sold,120000,USD,,45000,100.0%
recl9xI39vtPXsuJM,Stock,Zoon,Karel Havlicek,available,3200,USD,14T,,100.0%
reclHhVqFdHk0osv2,Stock,Blood,Joseph Yaeger,available,177000,USD,14T,,100.0%
reclVkNY0tmCoz7S8,Stock,Untitled,Anna Zemankova,consigned,13200,USD,Fair Warning,,50.0%
reclW0sFOEq1hghRF,Stock,"Untitled (Good News, Bad News)",Richard Prince,sold,782000,USD,,1054000,34.0%
reclZiZG7IeijxicN,Stock,Fur Elton John Beast chair,The Haas Brothers,sold,24000,USD,,40000,100.0%
reclaoqfIa5lnJc04,Stock,Over Armour,Issy Wood,sold,210000,GBP,,393750,100.0%
recljR10u3jS0n858,Stock,Painting (7.16.95),Oliver Lee Jackson,participating,27787,USD,Blackboard,,25.0%
recln5fVKfKVLzFxT,Stock,November Sun,Sonia Gechtoff,participating,10325,USD,Blackboard,,25.0%
reclqo5CfBzjAs6nh,Stock,Self-portrait,Alex Israel,sold,51000,USD,,30000,10.0%
reclsqBqaFtg5SrwY,Stock,Cinders look back fondly on house on fire,Joseph Yaeger,sold,65000,USD,,68900,100.0%
reclujxBf0Y8yR0wI,Stock,Perplexed,Brandon Deener,available,25000,USD,Harsch,,100.0%
recm0GrYwAL9XUmYC,Stock,Livres,Divers,available,29250,EUR,14T,,100.0%
recm1cltWHvh4KLEj,Stock,Untitled (P22),Christopher Wool,sold,443333.33,USD,,616666.65,33.3333%
recm3Q4wHUTX9Qqrb,Stock,Untitled (Family portrait/pets),Brian Harte,available,15000,USD,PhG home,,100.0%
recm98ewWuyQGz5qi,Stock,Gatekeeper,Yuan Fang,participating,4720,USD,Chalk,,50.0%
recmEbhE8U5xONJna,Stock,Untitled,Chico da Silva (Francisco Domingos da Silva),sold,95000,USD,Kordansky,86666.67,100.0%
recmjUO12u6nct2L5,Stock,Lit,Katelyn Eichwald,available,13500,USD,Harsch,,100.0%
recmljxO9UgHrffx1,Stock,"Every Season, All Weather",Sam Falls,sold,52000,USD,,42000,100.0%
recmsFdlyOqgSKOlR,Stock,Erytheia,Kiki Wang,sold,4050,USD,,720,100.0%
recn0GS0MPFz04DD4,Stock,Self Portrait,Alex Israel,sold,36000,USD,,82068.75,30.0%
recn60uJPdm3bmRvX,Stock,Maybe Metatron,Robert Nava,sold,88400,GBP,,214000,100.0%
recn7GJQauHLDsnTi,Stock,"Making Room for New Growth (Turquoise, Cream, Pink)",Brandon Deener,available,22000,USD,Harsch,,100.0%
recnCKX2ngBiZxdNp,Stock,Untitled,M'onma,available,6000,USD,CHI,,100.0%
recnMO5Qs0VHN8Fn9,Stock,Old Friend Revisited,Thomas Schütte,consigned,265000,EUR,Christie's Paris,,100.0%
recnO3qayNlRYYcCs,Stock,Geb,Romuald Hazoumè,available,25500,EUR,14T,,100.0%
recnpacnyUxXCkTz6,Stock,Way Out,Serge Attukwei Clottey,sold,25000,USD,,22000,100.0%
reco2Ld8F4X9oCKKo,Stock,Dream of Flying,Margo Hoff,available,30240,USD,UOVO Delaware,,100.0%
reco3utHFzFpGirlO,Stock,The Wrapper (large),Issy Wood,available,285000,GBP,22b P-O,,100.0%
recoUI2VfQjZvdadE,Stock,Bad Strawberry (Sweet Spot),Kathleen Ryan,available,125000,USD,14T,,80.0%
recocuL4E7xnTiwDo,Stock,Rhinoceros,William Hawkins,participating,29500,USD,Blackboard,,50.0%
reconJEvgeGUNyx61,Stock,Untitled,Anna Zemankova,available,13500,USD,CHI,,100.0%
reconSuhW00eWarjF,Stock,F (Just fo it),David Ostrowski,sold,75000,USD,,75000,50.0%
recovdEPLcvdkrC1f,Stock,"Eris, Cruel and Insulted",Vojtech Kovarik,available,65000,EUR,Harsch,,100.0%
recovunyYOloiLV5z,Stock,Bright Red,Xinyi Cheng,sold,47000,EUR,,142500,100.0%
recpBV7rGPXul9v4O,Stock,Untitled (Fruta Tropical con hojas),Emma Reyes,available,50000,USD,CHI,,100.0%
recpHCbdmccgE1v5D,Stock,Djé Bébé,Romuald Hazoumè,available,25660,EUR,14T,,100.0%
recppi0I8O0r0pZtS,Stock,Untitled (Flat),Alex Israel,sold,12500,USD,,225000,50.0%
recpqt6h9TbJzaAY2,Stock,The Subtle Knife,Ariana Papademetropoulos,sold,21540,USD,,18900,100.0%
recpwrWBP7d70ZN3i,Stock,Untitled,Wade Guyton,sold,100000,USD,,1416667,100.0%
recqBehsWkHiOJf66,Stock,Circe 2023,Regina Parra,consigned,13000,USD,Mighela Shama,,100.0%
recqGYKhRnbFLv2WD,Stock,Untitled,Anna Zemankova,available,11340,USD,UOVO Delaware,,50.0%
recqJxGteoUQIjkDx,Stock,Rat Girl,Dana Schutz,sold,35938,USD,,55000,50.0%
recqKERRg6pnvQu2L,Stock,Untitled (Flat),Alex Israel,sold,12000,USD,,240000,50.0%
recqUqKJxJC3iOs4g,Stock,Sometimes the sky's too bright,Ksenia Dermenzhi,sold,3040,GBP,,4000,100.0%
recqhs64HEcsAOTTs,Stock,Lumière,Alexander Lenoir,sold,74575,EUR,,74575,100.0%
recqmUsIf6MKsAU4S,Stock,11pm Sunday,Lynette Yiadom-Boakye,sold,395000,USD,,474000,31.6%
recr8e7lFbIP1LHMZ,Stock,Cambrain Explosion 17,Pierre Huyghe,sold,290000,EUR,,340000,100.0%
recr9AMPcsv5FMAJz,Stock,Personal / Past,Poppy Jones,sold,4000,CHF,,20000,100.0%
recrK6AEt3nAqxUDq,Stock,Eye of Marie-Laure de Noailles,Valentine Hugo,in_transit,47500,CHF,14 T,,50.0%
recrL2wFdVl71X5op,Stock,Reina,John Kacere,sold,260000,USD,,220000,100.0%
recrMvsZesMCKAesy,Stock,Levitation,Florian Krewer,in_transit,140000,USD,,,50.0%
recratRKKLoTSCRu3,Stock,Untitled (from the Deserto-Modelo series),Lucas Arruda,sold,480000,USD,,520000,100.0%
recrgCyVcAFwfLABe,Stock,Untitled,Wade Guyton,sold,130000,USD,,1033333,100.0%
recrk8ihaDOKvQ0rH,Stock,Palladium Martin,Elizabeth Peyton,sold,305000,USD,,540000,50.0%
recs2cgeYMlOsbA7O,Stock,Biomechanische Landschaft I,HR Giger,participating,56700,GBP,Lohengrin,,50.0%
recs7fWVdpDbAPXRt,Stock,Untitled,Anna Zemankova,consigned,11000,USD,Fair Warning,,50.0%
recs8ryzJbR980QgW,Stock,Grosser Geist Nr. 13,Thomas Schütte,sold,617000,USD,,731000,100.0%
recsTZtAkMKzfTeEI,Stock,Dos Botones Rojos,Brandon Deener,available,25000,USD,Harsch,,100.0%
recsWiRvITDtwHdgF,Stock,Mad Cow,Christopher Wool,sold,500000,USD,,566666.67,8.3333%
recsidonj7W8D3tc8,Stock,Adenophora Confusa,John M Armleder,sold,23334,EUR,,19433.35,33.3333%
recsoFl388nAnXXfu,Stock,Ocean Memories Regular Low Table (Black),Mathieu Lehanneur,sold,41600,USD,,30816,100.0%
recszx5Wuep3IAIsa,Stock,"Car Interior, Small World",Issy Wood,sold,70000,USD,,80000,100.0%
rectCDzZhu8Tps1pl,Stock,Mordor V,HR Giger,available,130000,USD,CHI,,100.0%
rectKatcy4Gz3R8Kz,Stock,Aphrodite,Vojtech Kovarik,sold,260000,USD,,,100.0%
rectNP8WExKUXNvXn,Stock,View of NYC from Bushwick rooftop,Todd Bienvenu,participating,14500,USD,Steelhead,,33.3333%
rectQRWLdd4rJrBB4,Stock,Untitled (#118),Miyoko Ito,sold,85000,USD,,,50.0%
rectVGyfZG9jBZy73,Stock,Resetando a Amazonia,Jaider Esbell,consigned,50000,USD,MWDM,,50.0%
rectyzmOsiETk1M5K,Stock,"Lazy Eye, Machine Dragon",Robert Nava,available,140000,USD,CHI,,100.0%
recu1GmmPDc9VRGAb,Stock,Untitled,Israel Lund,sold,866666.65,USD,,100000,30.9524%
recuIgIdYWcR7s4GG,Stock,Untitled,Israel Lund,sold,212500,USD,,98500,25.0%
recuNOyoHzIR0QkpM,Stock,Untitled,Aks Misyuta,available,31500,USD,Christie's NY,,100.0%
recugZvhjch96wCfO,Stock,Untitled (from the Deserto-Modelo series),Lucas Arruda,sold,250000,USD,,360000,100.0%
reculksO1QHxmroeT,Stock,Untitled (blue cardigan),Takako Yamaguchi,sold,60000,USD,,350000,100.0%
recutRneHvoth5CgS,Stock,Celebrating the Tear,Yuan Fang,participating,5750,USD,Chalk & Vermilion,,50.0%
recv0BCQTFjL8Wd03,Stock,Unknown Pharaoh,Damien Hirst,sold,180000,USD,,208000,33.3333%
recvP0qF6pcd51rWS,Stock,"Petitcru (Isolde), 2019-2020",Elizabeth Peyton,sold,550000,USD,,735000,100.0%
recvQ0VWFgjUuZtr6,Stock,Migrations,Leonardo Meoni,sold,7200,USD,,15000,100.0%
recvRoiHJxg7nCAfu,Stock,Baile del Lladico,Rember Yahuarcani,sold,34200,USD,Harsch,65000,100.0%
recvSgjGw9JuHy2Px,Stock,Goya's Ghost,Sonia Gechtoff,participating,8850,USD,Blackboard,,25.0%
recvVALRdizjDr29l,Stock,Hold Tight,Joan Semmel,sold,310000,USD,,350000,100.0%
recvZTPirrbVcIYsY,Stock,Untitled,Salvatore Emblema,available,63000,EUR,14T,,100.0%
recveRt2aSn45EVvq,Stock,"Untitled, Felt",Robert Morris,sold,150000,USD,,127200,50.0%
recw1du3RxNtnkBA5,Stock,It wasn't sunny when they built those solar fields,Adrian Schachter,available,9000,USD,Harsch,,100.0%
recwS8b9sJHsxTSze,Stock,Primaire,Alexander Lenoir,sold,63840,USD,Sotheby's NY,100000,100.0%
recwT1AGzVGY1BQTp,Stock,Dreamscape,George Condo,sold,837500,USD,,735000,25.0%
recwU8nfonxY3NvId,Stock,Dune VI,HR Giger,participating,50400,GBP,Lohengrin,,50.0%
recwUgJTNwoYKZsGQ,Stock,And If You,Christopher Wool,sold,626250,USD,,775000,5.0%
recwWsscBG5pTwHmD,Stock,22 NFT (18 Everyday Series + 4 Human One),Beeple,in_wallet,500000,USD,Wallet Stagadon,,5.0%
recwcj1zDQd76Oa5p,Stock,Ohne Title,Sigmar Polke,sold,1250000,USD,,1400000,50.0%
recwgHasUxRxUDOnE,Stock,Not not turned on,Issy Wood,sold,175000,USD,,128400,100.0%
recwgYp1mMLdbX7HB,Stock,Born to be late,Albert Oehlen,sold,500000,USD,,1011521.7,100.0%
recwjnwCyR6xUWUth,Stock,Soft Screw II,Rebecca Ackroyd,available,12000,USD,14T,,100.0%
recxMp8Bdoh4XLt3w,Stock,Raining Flowers 03,Yuan Fang,participating,5750,USD,Chalk,,50.0%
recxR0GGypC4yILoL,Stock,Sunset at Warhols,Daniel Heidkamp,sold,17000,USD,,18900,100.0%
recxcUz4uQDdVyNXW,Stock,Girl in Blonde Wig,Geoffrey Holder,available,80000,USD,14T,,100.0%
recxgwlbwXs2nuwTe,Stock,Clipping D2 (Blue Orchid),Jonas Wood,sold,100750,USD,,124800,10.0%
recxoHlZZpEukDPD8,Stock,Google Data 2079,Beeple,available,63750,USD,Harsch,,100.0%
recxofrBifb8N2w20,Stock,Patricia,John Kacere,sold,87500,USD,,190000,100.0%
recxuEgYxnwhzDJTJ,Stock,Portrait of Promise Jackson,Kehinde Wiley,available,135000,USD,UOVO Delaware,,100.0%
recxvcuCbLJrFNKCE,Stock,Gray Bedroom with Keith Haring,JJ Manford,sold,58000,USD,,4770,100.0%
recy05zfibOxMNxDW,Stock,(Portrait of) Hercules with his head in his hand,Vojtech Kovarik,sold,22500,USD,,78750,100.0%
recy4tfkAymc74kjf,Stock,In Absentia,Joseph Yaeger,sold,125000,USD,,118000,100.0%
recy8gzxSemiL7icq,Stock,Untitled (Thank You),Joel Mesler,sold,4275,USD,,,100.0%
recyA7Zrx7PohzGAu,Stock,Untitled,Anna Zemankova,sold,26800,USD,,26800,100.0%
recyFdaf8U8XDh8ik,Stock,Untitled,Eliza Douglas,sold,18500,USD,,6000,100.0%
recyFhncDTXmSzCCo,Stock,Soroya 81,John Kacere,participating,130000,USD,Gratin,,50.0%
recyKPsNnoYWgiGok,Stock,Study of Jutta,John Kacere,participating,20000,USD,Gratin,,50.0%
recyZ8dAl9BjWqjnX,Stock,Valerie,John Kacere,sold,30000,USD,Gratin,70000,20.0%
recyaCwal91G5sIXP,Stock,Untitled,M'onma,available,4800,USD,CHI,,100.0%
recz4aCieEDv2XKHc,Stock,"Masque Sulka Nouvelle-Bretagne, Archipel Bismark, Papouasie Nouvelle-Guinée",Art Afrique,available,100800,EUR,14T,,100.0%
recz72mVFmkc9oBzx,Stock,Abstraktes Bild,Gerhard Richter,sold,5333333,USD,,5433333.3,16.67%
reczKayYyhu9J0ZdC,Stock,Ileana II,John Kacere,participating,70000,USD,Gratin,,25.0%
reczUk0ZymkwIpfO6,Stock,Untitled,M'onma,available,6800,USD,Collonge,,100.0%
reczXJrP08VMkaAGY,Stock,Real Art,Beeple,sold,200000,USD,,170000,100.0%
reczoCfIsz0WIDBnS,Stock,Output III,Albert Oehlen,sold,489367.3,GBP,,800000,100.0%
reczu3RgfXxefod1t,Stock,"N.Y.City XXII, Subway",HR Giger,available,260000,USD,Colucci,,90.0%
reczyFHNcTxsAF6oX,Stock,"Machine Hallucinations, Nature Dreams - Study I",Refik Anadol,available,35000,USD,Harsch,,100.0%
reczzfNFLDi9RBL9X,Stock,The Myth Seekers,José Parlà,sold,68000,USD,,84000,100.0%
rec0HAjXjmKQ76ozR,Vendu,"Untitled (Topanga days, 5)",Sam Falls,sold,,USD,Harsch,,100.0%
rec0NfKmUYZQY4a2J,Vendu,"First Serve, Hands Behind Your Back",Reggie Burrows Hodges,sold,,USD,,,50.0%
rec0h6J6tygp0PYU5,Vendu,"Petitcru (Isolde), 2019-2020",Elizabeth Peyton,sold,,USD,,,100.0%
rec1ItxIm7Zjtnv7s,Vendu,Dreamscape,George Condo,sold,,USD,,,25.0%
rec1hhMuDMQoR7NxJ,Vendu,Citation,Reggie Burrows Hodges,sold,,USD,,,66.6667%
rec2DFENu7bZE1saL,Vendu,"Ballen Eter, Twee Benen Op Een Bord",Leonardo Meoni,sold,,USD,,,100.0%
rec2PNkBvOmx43Gkh,Vendu,"Untitled VI, 2019 (Taipei)",Pat Steir,sold,,USD,,,50.0%
rec3HjQRolToEBTDn,Vendu,Self portrait,Alex Israel,sold,,USD,,,50.0%
rec3KZFavqkjTJxyn,Vendu,Over Armour,Issy Wood,sold,,GBP,,,100.0%
rec3aojeKVVmbS1oa,Vendu,Untitled (Flat),Alex Israel,sold,,USD,,,50.0%
rec3nlsdlRm6gSim1,Vendu,Untitled,Steven Parrino,sold,,USD,,,25.0%
rec51BSsyWpMV51A9,Vendu,Untitled,Agnes Martin,sold,,USD,,,16.67%
rec58hLvA3VKEZQLR,Vendu,Untitled (White Butterfly),Mark Grotjahn,sold,,USD,,,16.6667%
rec5dqs6JRidqM2eM,Vendu,Sky Backdrop,Alex Israel,sold,,USD,,,10.0%
rec5mCc3qUocaj1Y0,Vendu,Down in the Dumps : So Long Sweetheart,Robert Colescott,sold,,USD,,,66.6667%
rec6Vcb50Sxw6baoV,Vendu,Patrons Saints of anomalous persons (green),Justin Caguiat,sold,,USD,,,100.0%
rec6cxLMKlmGvg2aG,Vendu,"Species from Late Jurassic, 155-148MA",Dinosaur,sold,,USD,,,100.0%
rec6p7VQk90IeezSY,Vendu,The Consultation,Issy Wood,sold,,USD,,,50.0%
rec6qQXNu6TdtishP,Vendu,Agneau à Séoul,Romuald Hazoumè,sold,,EUR,,,100.0%
rec6uS4VsDQ04NOKh,Vendu,Might feel weird,Issy Wood,sold,,USD,,,100.0%
rec6wAFITkqYp8BCo,Vendu,Lumière,Alexander Lenoir,sold,,EUR,,,100.0%
rec78jJx7yB4JCFE3,Vendu,Untitled,Robert Nava,sold,,USD,,,100.0%
rec7plQWr8uEgKWfs,Vendu,Grosser Geist Nr. 13,Thomas Schütte,sold,,USD,,,100.0%
rec8ChVQ0NJtD9vBC,Vendu,Untitled,Albert Oehlen,sold,,USD,,,100.0%
rec8Y7Ukpbc4eE0I4,Vendu,Untitled,Israel Lund,sold,,USD,,,100.0%
rec8e0uSauIgbFSCj,Vendu,Not not turned on,Issy Wood,sold,,USD,,,100.0%
rec8xRCCZj165Qcnv,Vendu,Untitled (Head of a Madman),Jean-Michel Basquiat,sold,,USD,,,27.7543%
rec98xHSGqSTuro1p,Vendu,The Subtle Knife,Ariana Papademetropoulos,sold,,USD,,,100.0%
rec9GgvQROIgj0W01,Vendu,Berlin Duck #2,Joe Bradley,sold,,USD,,,25.0%
rec9T9yHVB8wXGjmA,Vendu,Gates,Cyprien Gaillard,sold,,USD,,,50.0%
rec9dLLKOLqs3oRDH,Vendu,Untitled,Jean-Michel Basquiat,sold,,USD,,,100.0%
rec9dwtS84sPI2fqH,Vendu,Chris,Henry Taylor,sold,,USD,,,100.0%
rec9hLSnCYKDZQRyh,Vendu,Untitled (Body Print),David Hammons,sold,,USD,,,100.0%
rec9pa1qVdxT1gqrl,Vendu,Joel Mesler,Joel Mesler,sold,,USD,,,100.0%
recAV3iFjicfKrL8I,Vendu,Femmes dans la nuit (Woman in the night),Joan Miro,sold,,USD,,,100.0%
recAdR74DT1r4YTzJ,Vendu,Aphrodite,Vojtech Kovarik,sold,,USD,,,100.0%
recBiz7Chsd1wT2Hh,Vendu,Untitled,Jean-Michel Basquiat,sold,,USD,,,15.5%
recBxT328p6PqqZHd,Vendu,Untitled (Poster Painting),Klara Liden,sold,,USD,Harsch,,100.0%
recC9EqT0LFveqhKK,Vendu,Untitled (Cowboy),Richard Prince,sold,,GBP,,,33.3333%
recCA9gYoXh6XxXoM,Vendu,"Sin City Sag, Fuckhead bubble-gum",Steven Parrino,sold,,USD,,,33.3333%
recCWWkgX4w12321D,Vendu,Ted Pim,Ted Pim,sold,,USD,,,100.0%
recDBbDyK4PbvlwmB,Vendu,Self Portrait,Alex Israel,sold,,USD,,,30.0%
recDW6LnGlF8LzQUf,Vendu,Untitled (Flat),Alex Israel,sold,,USD,,,30.0%
recDi9BbrxMFCt18l,Vendu,Traces,José Parlà,sold,,USD,,,100.0%
recF4Trm8fzPcN6sg,Vendu,Sunset at Warhols,Daniel Heidkamp,sold,,USD,,,100.0%
recFsO3bV2sICHdvL,Vendu,Unknown Pharaoh,Damien Hirst,sold,,USD,,,33.3333%
recFwvQ7JDwpehAdj,Vendu,Untitled,Rudolf Stingel,sold,,USD,,,10.0%
recGJRdlDI0cEW9iP,Vendu,"Important coffee table, model 1114 Pcs.4",Carlo Mollino,sold,,USD,,,100.0%
recGOuR1Wj4uhSukZ,Vendu,Amenities! Python! The Artillery of Heaven!,Issy Wood,sold,,USD,,,100.0%
recGQgUmUD4qtPhI1,Vendu,Sea Changes,Miyoko Ito,sold,,USD,,,100.0%
recGig38y4TkCHlSA,Vendu,Clipping D2 (Blue Orchid),Jonas Wood,sold,,USD,,,10.0%
recH6UE1bezRfesD3,Vendu,Minor Success,Jean-Michel Basquiat,sold,,GBP,,,33.3333%
recHKuvkxHZnQVcDh,Vendu,Boiler House,Peter Doig,sold,,USD,,,100.0%
recHe3mkM0DkbTtxB,Vendu,Untitled (Indian #9 Face 45.54),Mark Grotjahn,sold,,USD,,,28.41%
recIYsARyTWgl60eU,Vendu,The Asp in Clasp,Issy Wood,sold,,USD,,,50.0%
recIpcaRNOHMy23aS,Vendu,Untitled,Jaider Esbell,sold,,USD,,,100.0%
recJIYrvrh7CbHUSD,Vendu,The Wrong Joke,Richard Prince,sold,,USD,,,33.0%
recKCYeVpsagfjxKh,Vendu,Good Painting (Less is More),Richard Prince,sold,,USD,,,100.0%
recKTnzLQF3gAllUI,Vendu,Returning Back 1,Mosie Romney,sold,,USD,,,100.0%
recKixeNwPvJhlKx9,Vendu,Untitled (Flat),Alex Israel,sold,,USD,,,30.0%
recKwTEkxtZQjS0hb,Vendu,Riders on the Storm,Angel Otero,sold,,USD,,,100.0%
recL5pRNWm4KyfRXc,Vendu,More Than Yesterday,Cecily Brown,sold,,USD,,,50.0%
recLXU7qwLGakSfHO,Vendu,Untitled (#118),Miyoko Ito,sold,,USD,,,50.0%
recLeNilbEZtKKIyz,Vendu,Osgemeos,,sold,,USD,,,100.0%
recLjD1prFGgNVDT9,Vendu,The Moon 20190618,Wang Yuyang,sold,,EUR,,,100.0%
recLm6MqOYKtQATh5,Vendu,Murakami Flower 6758 Water Surface and Skull Face,Takashi Murakami,sold,,USD,,,100.0%
recMFepGJUOGExTOy,Vendu,Woman Crying (Comic) #20,Anne Collier,sold,,USD,,,100.0%
recMHsC8VV3XN0i73,Vendu,City Lights,Lucien Smith,sold,,USD,,,100.0%
recMSPW9xYfITmlyw,Vendu,Peg Leg,Justin Adian,sold,,USD,,,100.0%
recN3JTTsbfuh5TXD,Vendu,Writer's Bench: Grand Concourse & 149th Street BX,José Parlà,sold,,USD,,,100.0%
recN3XaZfw4T2pAiy,Vendu,All I've Heard,Richard Prince,sold,,USD,,,33.3333%
recN7B5gkrfgNbYss,Vendu,The Myth Seekers,José Parlà,sold,,USD,,,100.0%
recNByvrSSx4gwOsy,Vendu,Fur Elton John Beast chair,The Haas Brothers,sold,,USD,,,100.0%
recPZ2xLj5hJHlMbM,Vendu,Untitled,Rudolf Stingel,sold,,USD,,,50.0%
recPiYqqlf9tgwo3K,Vendu,Adrien + Halle,Elizabeth Peyton,sold,,USD,,,100.0%
recQsxPqRaA9S6d88,Vendu,Mad Cow,Christopher Wool,sold,,USD,,,8.3333%
recRJ7lLDB8aKjqr3,Vendu,Untitled,Israel Lund,sold,,USD,,,100.0%
recRmER9gkG84NAK5,Vendu,F (Just fo it),David Ostrowski,sold,,USD,,,50.0%
recRnTiTGBMJ3x5BO,Vendu,Untitled,Israel Lund,sold,,USD,,,100.0%
recRo1IrZDo7XCTeB,Vendu,Untitled,Wade Guyton,sold,,USD,,,33.3333%
recRqRBRHKJ0kurkG,Vendu,Time's Will,José Parlà,sold,,USD,,,100.0%
recSDts7UCTN675Ec,Vendu,Untitled (P22),Christopher Wool,sold,,USD,,,33.3333%
recSEoJQpOCybPCWy,Vendu,11pm Sunday,Lynette Yiadom-Boakye,sold,,USD,,,31.6%
recSLd8TQW6Cw5h5F,Vendu,After Courbet: 1-18,Sherrie Levine,sold,,USD,,,100.0%
recSiiGsNu0VbVRXk,Vendu,Lens,Alex Israel,sold,,USD,,,10.0%
recTn3w7sqbapy1G4,Vendu,Untitled (splashes),John M Armleder,sold,,USD,,,33.3333%
recTxi2ObvLRZuPS9,Vendu,Tim Furry Beast chair,The Haas Brothers,sold,,USD,,,100.0%
recV8W2uQ2YYOWPqH,Vendu,Unititled (cowboy),Richard Prince,sold,,USD,,,100.0%
recVotxPB1QTdvbqH,Vendu,Red Dogwood 1,Alex Katz,sold,,USD,,,100.0%
recWt7idVKumLe1Ow,Vendu,Abstraktes Bild,Gerhard Richter,sold,,USD,,,16.67%
recX9OijsSxObFb1c,Vendu,The Part that you call you,Paul Kneale,sold,,EUR,,,100.0%
recXP751rirYgy4jL,Vendu,"Every Season, All Weather",Sam Falls,sold,,USD,,,100.0%
recXoWFGnPEX96L4s,Vendu,Alien in the City (or Lean),Leelee Kimmel,sold,,USD,,,100.0%
recYIrf56JAg1tgeB,Vendu,Untitled,Laura Owens,sold,,USD,,,100.0%
recYPZZH3pHMmwpm0,Vendu,Untitled,Israel Lund,sold,,USD,,,100.0%
recYxS21KFSmCCJ2s,Vendu,Make it rain,Cecily Brown,sold,,GBP,,,10.0%
recYyWtcLI0thpaWu,Vendu,Palladium Martin,Elizabeth Peyton,sold,,USD,,,50.0%
recZL1T2tv5EoujqZ,Vendu,Untitled Ropebust,Torey Thornton,sold,,USD,,,100.0%
reca0TPzwDYPpDwkH,Vendu,"Politics (I eat Politics, I sleep Politics, but I never drink Politics), 1988/89",Richard Prince,sold,,USD,,,25.0%
reca11MvPAp1I0RCW,Vendu,And If You,Christopher Wool,sold,,USD,,,5.0%
recaedkfxq7W4RR3J,Vendu,Untitled,Israel Lund,sold,,USD,,,100.0%
recawIzrHQ5yBlC0Q,Vendu,Maarten Baas,,sold,,USD,,,100.0%
recb1KCM24w6LW8og,Vendu,Max,Elizabeth Peyton,sold,,USD,,,100.0%
recb1Mr1dcxylINM5,Vendu,Migrations,Leonardo Meoni,sold,,USD,,,100.0%
recb4zrs2jcjwhPfW,Vendu,Cherchez LaGhost,Rob Davis,sold,,USD,,,100.0%
recb56ZOfowGvAsCd,Vendu,Darling,Xinyi Cheng,sold,,EUR,,,100.0%
recbaDzezHVn74JCM,Vendu,"Tag um Tag guter Tag (Day by Day Good Day), Nr.1466 (night)",Peter Dreher,sold,,USD,,,100.0%
recbb2UwLs9OGq2CR,Vendu,Untitled (from the Deserto-Modelo series),Lucas Arruda,sold,,USD,,,100.0%
recbk3Vg17t1xOtnV,Vendu,Untitled,Jaider Esbell,sold,,USD,,,100.0%
reccW7cCpBV2uZMmH,Vendu,Kar Interior Kenny,Issy Wood,sold,,USD,,,100.0%
reccbHBOy9YTIkNrV,Vendu,Untitled Anxious Drawing,Rashid Johnson,sold,,USD,,,100.0%
reccvHxhexNwp8H7G,Vendu,Peinture aux Formes Variables,Daniel Buren,sold,,USD,,,25.0%
recd6YCSs3uvjk0zN,Vendu,Born to be late,Albert Oehlen,sold,,USD,,,100.0%
recdZB65ygeEaocuN,Vendu,Toward a Shore,Billy Childish,sold,,EUR,,,100.0%
recddSrR4AX9KBWNk,Vendu,Oystercatchers (Penrose Series),Rowena Hughes,sold,,EUR,,,100.0%
recf6KUxT698vwThV,Vendu,Wisteria,Lynne Drexler,sold,,USD,,,50.0%
recgGlBZSw92t5FYW,Vendu,Untitled,Wade Guyton,sold,,USD,,,33.3333%
recgxHKxDzFUiAfVk,Vendu,Untitled (Colored Butterfly White Sides 691),Mark Grotjahn,sold,,USD,,,16.6667%
rechNV2YbeY5zbpHV,Vendu,Untitled (Flat),Alex Israel,sold,,USD,,,50.0%
rechdpGRtQOle3I3k,Vendu,Melt Down : After Klein (orange),Sherrie Levine,sold,,USD,,,100.0%
rechfmf7aQKUt9NuH,Vendu,Untitled,Richard Prince,sold,,USD,,,25.0%
rechkhxmQezmYMFAM,Vendu,Huain Capac,Donna Huanca,sold,,USD,,,100.0%
reci2uogUcDHpOkPI,Vendu,L'Essentiel,Elladj Lincy Deloumeaux,sold,,EUR,,,100.0%
reciXweWi1dF8upEc,Vendu,Untitled (from the Deserto-Modelo series),Lucas Arruda,sold,,USD,,,100.0%
recj4V0qzSIaHs1M5,Vendu,Untitled / Sem Titulo,Maria Auxiliadora,sold,,USD,,,100.0%
recl0i4c7E8e1ARF5,Vendu,Untitled,Lynne Drexler,sold,,USD,,,23.53%
recl2FCNJMFTVhAh2,Vendu,"Dakar, Senegal #5,",Henry Taylor,sold,,USD,,,100.0%
recl7bYymMR6YWMds,Vendu,"Veil of Hidden Meaning, 2017-18",Damien Hirst,sold,,USD,,,50.0%
reclMkgXMpFRygkYi,Vendu,Barcode Couch,Iva Kinnaird,sold,,GBP,,,100.0%
reclW0H36NYWgcyAf,Vendu,Garden Tender,Rebecca Ackroyd,sold,,USD,,,100.0%
recm04KCAALG5rkUl,Vendu,Pyro,Jean-Michel Basquiat,sold,,USD,,,10.0%
recm3CrtKJLAv7Fqb,Vendu,Oseekos2,Petra Cortright,sold,,USD,,,100.0%
recm8gLg4p8ThU8eq,Vendu,Untitled,Israel Lund,sold,,USD,,,100.0%
recmG9pO9XunIHYQ1,Vendu,"Mädchen im Sessel (Lila), 1965-1966",Gerhard Richter,sold,,USD,,,33.3333%
recmUEjqQ3NmmoOca,Vendu,Untitled,Frida Orupabo,sold,,USD,,,100.0%
recmhjdR6EW48poPe,Vendu,Untitled (Flat),Alex Israel,sold,,USD,,,30.0%
recmmKyU4b1KcT1Aj,Vendu,Danny De Voido,Louis Eisner,sold,,USD,,,100.0%
recnAs7P6vSiu6BN9,Vendu,Flowers in Vase in Blue Room,Ksenia Dermenzhi,sold,,GBP,,,100.0%
recnrVmVJq139Uc0Q,Vendu,"Untitled, Felt",Robert Morris,sold,,USD,,,50.0%
reco8vyRNbaWPC12N,Vendu,Photoshoot (Magenta),Lisa Yuskavage,sold,,USD,LG home,,100.0%
recoE9dJGhqWvMvh3,Vendu,Portrait of Apollo,Vojtech Kovarik,sold,,USD,,,50.0%
recoX2wuUaypkryzt,Vendu,Self-portrait,Alex Israel,sold,,USD,,,10.0%
recopWVciPy6Ws03p,Vendu,"Two Skulls After El Greco and Blackbird, 2017-18",Victor Man,sold,,EUR,,,100.0%
recp2PdPnG6VWjgPI,Vendu,Sometimes I Feel Like a Motherless Child,Charles White,sold,,USD,,,100.0%
recqHPp29LOGoBoF1,Vendu,Sinsational Sinthia,Steven Parrino,sold,,USD,,,33.3333%
recqNrLe5m4Yp4NVk,Vendu,Sans Titre ≠ 2,Elladj Lincy Deloumeaux,sold,,EUR,,,100.0%
recqPfMTOIRPtjgQI,Vendu,Cambrain Explosion 17,Pierre Huyghe,sold,,EUR,,,100.0%
recqQ7WUAtfdYu1VK,Vendu,"Untitled (Good News, Bad News)",Richard Prince,sold,,USD,,,34.0%
recqYPU0MB2vH4s4F,Vendu,Psyduck,Anthony Coleman,sold,,USD,Loic NYC,,100.0%
recr5ndf3SgLXgWjd,Vendu,Unitled (Flat),Alex Israel,sold,,USD,,,50.0%
recrqfYIkT1IPTYOT,Vendu,Untitled (from the Deserto-Modelo series),Lucas Arruda,sold,,USD,,,100.0%
recs6aRKzX67gLEh2,Vendu,Edward Fur-Long bench from the Beast series,The Haas Brothers,sold,,USD,,,100.0%
recs7ZHyPWkcjCSDj,Vendu,Maybe Metatron,Robert Nava,sold,,GBP,,,100.0%
recsHq3wSSIGHarwv,Vendu,Output III,Albert Oehlen,sold,,GBP,,,100.0%
recsSimDjCWUeRO00,Vendu,"Car Interior, Small World",Issy Wood,sold,,USD,,,100.0%
recsgLY5bkBsX5rTW,Vendu,Untitled,Julian Schnabel,sold,,USD,,,100.0%
rect2B4rrlUSOl3Gu,Vendu,The Age of Reason,George Condo,sold,,USD,,,50.0%
rectMIjMYuXpdTryV,Vendu,The Lady Eve,Lucien Smith,sold,,USD,,,100.0%
rectOPCVoImMxkfcc,Vendu,Untitled,Josh Smith,sold,,USD,,,100.0%
rectOX2clWFo532Hk,Vendu,Untitled,Louis Eisner,sold,,USD,,,100.0%
rectQaIDD5ibC4REj,Vendu,Don,Arthur Jafa,sold,,USD,,,100.0%
rectSHU5ykOAvZQwP,Vendu,Untitled,Israel Lund,sold,,USD,,,100.0%
rectxYOoV0gopfHKp,Vendu,Adenophora Confusa,John M Armleder,sold,,EUR,,,33.3333%
rectzeGc9pSNrjtNK,Vendu,Untitled (Flat),Alex Israel,sold,,USD,,,50.0%
recuQO8DSwSZnuykH,Vendu,Asparegus Officinals,John M Armleder,sold,,USD,,,33.3333%
recuXcg3Xeh8s0SlY,Vendu,Rat Girl,Dana Schutz,sold,,USD,,,50.0%
recua1tWjl4txUKEV,Vendu,"Concetto Spaziale, New York 64",Lucio Fontana,sold,,EUR,,,25.0%
recudKXCQW69ihZLy,Vendu,Untitled (Thank You),Joel Mesler,sold,,USD,,,100.0%
recueT1GWzjXjQsdz,Vendu,Ohne Title,Sigmar Polke,sold,,USD,,,50.0%
recugKeUK38PFVnJX,Vendu,Eliza Douglas,Eliza Douglas,sold,,USD,,,100.0%
recujINFHAerfyt2l,Vendu,Brik on Brick,Martin Wong,sold,,USD,,,100.0%
recunrABtu6PiwmWM,Vendu,Untitled,Rudolf Stingel,sold,,USD,,,30.9524%
recvTPTfW7yjv8VyT,Vendu,Surf and Turf,Angel Otero,sold,,USD,,,100.0%
recw0GFjJZVMfkuxN,Vendu,Fraught Times:For Eleven Months of the Year it's an Artwork,Philippe Parreno,sold,,EUR,,,60.0%
recwPC8bnnOAE3LNk,Vendu,Untitled (are you gonna be warm enough),Issy Wood,sold,,USD,,,100.0%
recxEpIzcK6y8Q5Mo,Vendu,Dal Pescatore,John M Armleder,sold,,USD,,,33.3333%
recxbcRPHIWqYNG1z,Vendu,SP245,Sterling Ruby,sold,,USD,,,100.0%
recxbg49UtN3bqCPm,Vendu,Répartition aléatoire de 40'000 carrés,François Morellet,sold,,EUR,,,100.0%
recxtKJqcZQqCf2TH,Vendu,Telling it over,Richard Prince,sold,,USD,,,30.0%
reczCMsY26IcGd1DL,Vendu,The Midnight Fire,Xinyi Cheng,sold,,USD,,,100.0%
reczjIGhBH6XADP3i,Vendu,"Rupture, 2019-2020",Victor Man,sold,,EUR,,,100.0%
reczphTYwRVJ5bF9u,Vendu,Bright Red,Xinyi Cheng,sold,,EUR,,,100.0%
reczxYkYsyopbkAoH,Vendu,Sculpture on pedestal 5,Piero Golia,sold,,USD,,,100.0%
